timestamp,temperatura,umidade,ldr,corrente_1,corrente_2,corrente_3,payload_bytes,latencia_ms
2025-08-01 18:30:01,21.5,57.599998474121094,2711,2.7899999618530273,3.140000104904175,3.119999885559082,44,300.728
2025-08-01 18:40:01,21.5,56.29999923706055,2831,3.4100000858306885,3.75,3.6700000762939453,43,223.714
2025-08-01 18:50:00,21.5,56.5,2815,3.2899999618530273,3.819999933242798,3.700000047683716,44,1.96
2025-08-01 19:00:00,21.600000381469727,56.5,2846,3.430000066757202,3.7300000190734863,3.6700000762939453,44,-33.806999999999995
2025-08-01 19:10:01,21.5,56.599998474121094,2758,3.5299999713897705,3.9200000762939453,3.7100000381469727,43,-40.897000000000006
2025-08-01 19:20:01,21.600000381469727,56.70000076293945,2464,3.5999999046325684,3.9100000858306885,3.690000057220459,44,399.676
2025-08-01 19:30:01,21.5,56.900001525878906,2068,3.509999990463257,3.809999942779541,3.7799999713897705,43,750.224
2025-08-01 19:40:00,21.600000381469727,56.900001525878906,2068,3.549999952316284,3.9000000953674316,3.7300000190734863,44,381.45
2025-08-01 19:50:02,21.600000381469727,57.0,2839,3.640000104904175,3.9100000858306885,3.809999942779541,44,8.681
2025-08-01 20:00:00,21.600000381469727,57.099998474121094,2733,3.5999999046325684,3.859999895095825,3.8299999237060547,44,89.473
2025-08-01 20:10:01,21.600000381469727,57.20000076293945,2722,3.549999952316284,3.859999895095825,3.8299999237060547,43,351.762
2025-08-01 20:20:00,21.600000381469727,57.20000076293945,2618,3.609999895095825,3.9700000286102295,3.799999952316284,44,29.099
2025-08-01 20:30:00,21.600000381469727,57.29999923706055,2427,3.5299999713897705,3.9200000762939453,3.819999933242798,44,487.738
2025-08-01 20:40:01,21.600000381469727,57.29999923706055,2511,3.130000114440918,3.549999952316284,3.4100000858306885,44,257.713
2025-08-01 20:50:01,21.600000381469727,57.5,2203,3.4700000286102295,3.890000104904175,3.799999952316284,43,20.815
2025-08-01 21:00:01,21.600000381469727,57.400001525878906,2774,3.25,3.490000009536743,3.4700000286102295,44,-6.354
2025-08-01 21:10:01,21.600000381469727,57.5,2421,3.4800000190734863,3.940000057220459,3.799999952316284,44,-107.50800000000001
2025-08-01 21:20:01,21.700000762939453,57.5,2822,3.509999990463257,3.930000066757202,3.8299999237060547,44,-79.516
2025-08-01 21:30:01,21.600000381469727,57.599998474121094,2231,3.5299999713897705,3.859999895095825,3.7899999618530273,43,17.638
2025-08-01 21:40:01,21.600000381469727,57.599998474121094,383,3.5999999046325684,3.9600000381469727,3.8299999237060547,44,43.086
2025-08-01 21:50:01,21.700000762939453,57.599998474121094,0,3.630000114440918,3.9600000381469727,3.7699999809265137,41,-44.407000000000004
2025-08-01 22:00:00,21.5,57.79999923706055,0,3.440000057220459,3.8299999237060547,3.7300000190734863,41,-13.034
2025-08-01 22:10:04,21.5,58.0,0,3.5999999046325684,3.890000104904175,3.7699999809265137,40,-41.899
2025-08-01 22:20:01,21.399999618530273,58.0,0,3.190000057220459,3.5299999713897705,3.4200000762939453,40,-31.081999999999997
2025-08-01 22:30:01,21.299999237060547,58.099998474121094,0,3.4200000762939453,3.7799999713897705,3.6700000762939453,41,-5.3
2025-08-01 22:40:00,21.299999237060547,58.099998474121094,0,3.4600000381469727,3.819999933242798,3.6600000858306885,41,499.74
2025-08-01 22:50:01,21.299999237060547,58.20000076293945,0,3.0199999809265137,3.2799999713897705,3.3299999237060547,41,94.504
2025-08-01 23:00:00,21.299999237060547,58.20000076293945,0,3.4100000858306885,3.6700000762939453,3.7799999713897705,41,419.17199999999997
2025-08-01 23:10:01,21.299999237060547,58.20000076293945,0,3.390000104904175,3.740000009536743,3.630000114440918,41,-2.021
2025-08-01 23:20:01,21.200000762939453,58.29999923706055,0,3.430000066757202,3.740000009536743,3.6700000762939453,41,-0.402
2025-08-01 23:30:00,21.200000762939453,58.400001525878906,0,3.440000057220459,3.7699999809265137,3.6700000762939453,41,-0.889
2025-08-01 23:40:01,21.200000762939453,58.400001525878906,0,3.5,3.759999990463257,3.700000047683716,40,35.283
2025-08-01 23:50:01,21.100000381469727,58.5,0,3.359999895095825,3.700000047683716,3.690000057220459,40,142.724
2025-08-02 00:00:00,21.100000381469727,58.5,0,3.4100000858306885,3.700000047683716,3.799999952316284,41,131.882
2025-08-02 00:10:00,21.100000381469727,58.5,0,3.390000104904175,3.7200000286102295,3.690000057220459,41,150.23
2025-08-02 00:20:01,21.100000381469727,58.5,0,3.5299999713897705,3.7899999618530273,3.690000057220459,40,659.024
2025-08-02 00:30:00,21.0,58.5,0,3.430000066757202,3.7899999618530273,3.619999885559082,41,102.03099999999999
2025-08-02 00:40:01,21.0,58.599998474121094,0,3.4100000858306885,3.7899999618530273,3.5999999046325684,40,12.226
2025-08-02 00:50:01,21.100000381469727,58.5,0,3.4000000953674316,3.7300000190734863,3.630000114440918,41,119.443
2025-08-02 01:00:01,21.0,58.599998474121094,0,3.390000104904175,3.7799999713897705,3.619999885559082,41,53.959
2025-08-02 01:10:00,21.0,58.70000076293945,0,3.4100000858306885,3.759999990463257,3.680000066757202,41,8.761
2025-08-02 01:20:00,21.0,58.599998474121094,0,3.440000057220459,3.7899999618530273,3.609999895095825,41,226.86700000000002
2025-08-02 01:30:01,21.0,58.70000076293945,0,3.359999895095825,3.7699999809265137,3.7899999618530273,41,299.314
2025-08-02 01:40:00,21.0,58.70000076293945,0,3.440000057220459,3.799999952316284,3.690000057220459,41,18.231
2025-08-02 01:50:01,21.0,58.70000076293945,0,3.390000104904175,3.75,3.6700000762939453,40,96.00699999999999
2025-08-02 02:00:01,21.0,58.70000076293945,0,3.380000114440918,3.799999952316284,3.6500000953674316,41,87.048
2025-08-02 02:10:00,20.899999618530273,58.79999923706055,0,3.4100000858306885,3.690000057220459,3.6700000762939453,41,54.297
2025-08-02 02:20:00,20.899999618530273,58.70000076293945,0,3.4100000858306885,3.700000047683716,3.759999990463257,41,762.899
2025-08-02 02:30:00,20.899999618530273,58.79999923706055,0,3.509999990463257,3.809999942779541,3.7100000381469727,41,76.45100000000001
2025-08-02 02:40:01,20.899999618530273,58.79999923706055,0,3.4200000762939453,3.7300000190734863,3.6600000858306885,41,47.166
2025-08-02 02:50:00,20.899999618530273,58.79999923706055,0,3.390000104904175,3.700000047683716,3.690000057220459,41,315.946
2025-08-02 03:00:01,20.899999618530273,58.79999923706055,0,3.440000057220459,3.740000009536743,3.680000066757202,40,-7.5360000000000005
2025-08-02 03:10:01,20.899999618530273,58.79999923706055,0,3.430000066757202,3.700000047683716,3.700000047683716,41,-3.886
2025-08-02 03:20:01,20.899999618530273,58.70000076293945,0,3.4000000953674316,3.7200000286102295,3.690000057220459,41,-11.520000000000001
2025-08-02 03:30:00,20.899999618530273,58.900001525878906,0,3.380000114440918,3.819999933242798,3.7300000190734863,41,28.913999999999998
2025-08-02 03:40:01,20.899999618530273,59.0,0,3.4200000762939453,3.7899999618530273,3.6600000858306885,40,630.0210000000001
2025-08-02 03:50:00,20.799999237060547,59.0,0,3.4100000858306885,3.759999990463257,3.75,41,-61.083999999999996
2025-08-02 04:00:01,20.899999618530273,59.0,0,3.430000066757202,3.8299999237060547,3.759999990463257,40,334.32
2025-08-02 04:10:01,20.899999618530273,58.900001525878906,0,3.4100000858306885,3.740000009536743,3.7899999618530273,41,12.246
2025-08-02 04:20:00,20.799999237060547,59.0,0,3.490000009536743,3.759999990463257,3.690000057220459,41,73.35600000000001
2025-08-02 04:30:01,20.799999237060547,59.0,0,3.4100000858306885,3.740000009536743,3.6600000858306885,40,-73.811
2025-08-02 04:40:01,20.899999618530273,58.900001525878906,0,3.059999942779541,3.390000104904175,3.5999999046325684,41,526.949
2025-08-02 04:50:01,20.799999237060547,59.0,0,3.4100000858306885,3.7899999618530273,3.799999952316284,40,376.543
2025-08-02 05:00:01,20.799999237060547,59.0,0,3.4200000762939453,3.8299999237060547,3.700000047683716,41,118.032
2025-08-02 05:10:00,20.899999618530273,58.900001525878906,0,3.4100000858306885,3.799999952316284,3.690000057220459,41,937.87
2025-08-02 05:20:01,20.799999237060547,59.0,0,3.440000057220459,3.8299999237060547,3.6700000762939453,41,-79.964
2025-08-02 05:30:01,20.799999237060547,59.0,0,3.430000066757202,3.7799999713897705,3.6600000858306885,40,330.812
2025-08-02 05:40:01,20.799999237060547,59.0,0,3.4200000762939453,3.809999942779541,3.6500000953674316,41,-13.974
2025-08-02 05:50:00,20.899999618530273,59.0,0,3.4200000762939453,3.809999942779541,3.6500000953674316,41,673.277
2025-08-02 05:50:02,20.899999618530273,58.900001525878906,0,3.4700000286102295,3.819999933242798,3.690000057220459,41,-42.695
2025-08-02 06:00:00,20.799999237060547,59.0,0,3.4100000858306885,3.7699999809265137,3.7200000286102295,41,1072.9789999999998
2025-08-02 06:10:01,20.799999237060547,59.0,0,3.430000066757202,3.7300000190734863,3.6600000858306885,40,47.569
2025-08-02 06:20:01,20.799999237060547,59.0,0,3.4000000953674316,3.7699999809265137,3.690000057220459,41,21.314
2025-08-02 06:30:00,20.799999237060547,59.0,0,3.390000104904175,3.75,3.75,41,434.58000000000004
2025-08-02 06:40:01,20.799999237060547,59.0,0,3.430000066757202,3.809999942779541,3.690000057220459,40,38.907
2025-08-02 06:50:01,20.899999618530273,58.900001525878906,0,3.5999999046325684,3.9700000286102295,3.8299999237060547,41,51.992999999999995
2025-08-02 07:00:00,20.799999237060547,59.0,0,3.390000104904175,3.799999952316284,3.630000114440918,41,332.824
2025-08-02 07:10:01,20.799999237060547,59.0,0,3.4100000858306885,3.8299999237060547,3.6700000762939453,40,341.618
2025-08-02 07:20:00,20.799999237060547,59.0,0,3.4100000858306885,3.799999952316284,3.6500000953674316,41,230.517
2025-08-02 07:30:01,20.799999237060547,59.0,0,3.390000104904175,3.809999942779541,3.6500000953674316,41,98.05
2025-08-02 07:40:01,20.799999237060547,59.0,0,3.390000104904175,3.7699999809265137,3.759999990463257,40,208.031
2025-08-02 07:50:01,20.799999237060547,59.0,0,3.369999885559082,3.7699999809265137,3.640000104904175,41,172.16600000000003
2025-08-02 08:00:01,20.799999237060547,59.0,0,3.4000000953674316,3.7799999713897705,3.6500000953674316,41,48.358
2025-08-02 08:10:01,20.799999237060547,59.0,0,3.430000066757202,3.7699999809265137,3.630000114440918,40,57.086
2025-08-02 08:20:02,20.799999237060547,59.0,0,3.390000104904175,3.809999942779541,3.680000066757202,41,12.34
2025-08-02 08:30:01,20.799999237060547,59.0,0,3.380000114440918,3.740000009536743,3.7200000286102295,41,36.703
2025-08-02 08:40:00,20.799999237060547,59.0,0,3.390000104904175,3.75,3.690000057220459,41,277.584
2025-08-02 08:50:01,20.799999237060547,59.0,0,3.450000047683716,3.799999952316284,3.6600000858306885,40,-26.189
2025-08-02 09:00:01,20.799999237060547,59.0,0,3.1600000858306885,3.5999999046325684,3.4000000953674316,41,-2.0799999999999996
2025-08-02 09:10:00,20.799999237060547,58.900001525878906,0,3.4600000381469727,3.7200000286102295,3.690000057220459,41,10.135
2025-08-02 09:20:00,20.799999237060547,59.0,0,3.4100000858306885,3.759999990463257,3.75,41,577.102
2025-08-02 09:30:00,20.799999237060547,59.0,0,3.4600000381469727,3.75,3.640000104904175,41,293.361
2025-08-02 09:40:01,20.700000762939453,59.0,0,3.450000047683716,3.7699999809265137,3.680000066757202,40,28.634
2025-08-02 09:50:01,20.799999237060547,58.900001525878906,0,3.490000009536743,3.759999990463257,3.680000066757202,41,273.021
2025-08-02 10:00:01,20.799999237060547,59.0,0,3.440000057220459,3.759999990463257,3.640000104904175,40,4.611
2025-08-02 10:10:01,20.799999237060547,58.900001525878906,0,3.509999990463257,3.759999990463257,3.6500000953674316,41,48.165
2025-08-02 10:20:00,20.799999237060547,58.900001525878906,0,3.369999885559082,3.7699999809265137,3.700000047683716,41,15.232000000000001
2025-08-02 10:30:00,20.799999237060547,58.900001525878906,435,3.4600000381469727,3.7300000190734863,3.6600000858306885,44,281.296
2025-08-02 10:40:01,20.799999237060547,58.79999923706055,477,3.4700000286102295,3.7899999618530273,3.630000114440918,44,1.196
2025-08-02 10:50:01,20.799999237060547,58.79999923706055,0,3.4100000858306885,3.7699999809265137,3.6700000762939453,41,-16.336
2025-08-02 11:00:00,20.799999237060547,58.79999923706055,0,3.4200000762939453,3.7100000381469727,3.6500000953674316,41,61.117
2025-08-02 11:10:01,20.799999237060547,58.79999923706055,0,3.119999885559082,3.549999952316284,3.2699999809265137,40,504.988
2025-08-02 11:20:00,20.799999237060547,58.79999923706055,0,3.4100000858306885,3.75,3.640000104904175,41,61.424
2025-08-02 11:30:01,20.799999237060547,58.70000076293945,0,3.390000104904175,3.8399999141693115,3.640000104904175,40,67.95700000000001
2025-08-02 11:40:01,20.799999237060547,58.70000076293945,15,3.440000057220459,3.819999933242798,3.630000114440918,43,2.608
2025-08-02 11:50:02,20.799999237060547,58.70000076293945,80,3.4100000858306885,3.7699999809265137,3.640000104904175,43,10.28
2025-08-02 12:00:00,20.899999618530273,58.70000076293945,71,3.390000104904175,3.8299999237060547,3.640000104904175,43,56.467999999999996
2025-08-02 12:10:01,20.899999618530273,58.70000076293945,0,3.430000066757202,3.700000047683716,3.619999885559082,41,36.239
2025-08-02 12:20:01,20.899999618530273,58.599998474121094,0,3.369999885559082,3.799999952316284,3.5299999713897705,40,45.388999999999996
2025-08-02 12:30:01,20.899999618530273,58.599998474121094,0,3.5,3.809999942779541,3.609999895095825,41,330.947
2025-08-02 12:40:00,20.899999618530273,58.5,0,3.390000104904175,3.7699999809265137,3.7200000286102295,41,663.4330000000001
2025-08-02 12:50:01,20.899999618530273,58.5,0,3.440000057220459,3.759999990463257,3.640000104904175,41,349.07500000000005
2025-08-02 13:00:01,20.899999618530273,58.5,0,3.4100000858306885,3.7699999809265137,3.630000114440918,40,287.835
2025-08-02 13:10:00,20.899999618530273,58.400001525878906,0,3.390000104904175,3.740000009536743,3.569999933242798,41,301.203
2025-08-02 13:20:01,20.899999618530273,58.29999923706055,0,3.200000047683716,3.5,3.369999885559082,41,268.49899999999997
2025-08-02 13:30:01,20.899999618530273,58.20000076293945,0,3.4000000953674316,3.740000009536743,3.690000057220459,41,330.564
2025-08-02 13:40:01,20.899999618530273,58.29999923706055,0,3.430000066757202,3.819999933242798,3.559999942779541,41,725.5939999999999
2025-08-02 13:50:01,20.899999618530273,58.20000076293945,0,3.390000104904175,3.819999933242798,3.630000114440918,40,97.259
2025-08-02 14:00:01,20.899999618530273,58.099998474121094,0,3.359999895095825,3.7699999809265137,3.5899999141693115,41,24.223000000000003
2025-08-02 14:10:01,21.0,57.900001525878906,0,3.4000000953674316,3.809999942779541,3.549999952316284,41,19.677
2025-08-02 14:20:00,20.899999618530273,57.900001525878906,0,3.440000057220459,3.7699999809265137,3.640000104904175,41,44.894000000000005
2025-08-02 14:30:01,21.0,57.70000076293945,0,3.4100000858306885,3.759999990463257,3.609999895095825,40,20.694
2025-08-02 14:40:01,21.0,57.599998474121094,0,3.4200000762939453,3.759999990463257,3.630000114440918,41,325.671
2025-08-02 14:50:00,21.0,57.5,0,3.4100000858306885,3.7899999618530273,3.6500000953674316,41,624.028
2025-08-02 15:00:01,21.0,57.20000076293945,0,3.4100000858306885,3.8299999237060547,3.6500000953674316,41,32.678
2025-08-02 15:10:00,21.0,57.20000076293945,0,3.390000104904175,3.8399999141693115,3.7200000286102295,41,119.91
2025-08-02 15:20:01,21.0,57.099998474121094,0,3.390000104904175,3.8299999237060547,3.630000114440918,40,339.783
2025-08-02 15:30:01,21.0,56.900001525878906,0,3.0899999141693115,3.5999999046325684,3.259999990463257,41,43.289
2025-08-02 15:40:00,21.0,56.900001525878906,0,3.4100000858306885,3.8299999237060547,3.5399999618530273,41,8.632000000000001
2025-08-02 15:50:01,21.0,56.79999923706055,0,3.4800000190734863,3.8299999237060547,3.680000066757202,40,-29.706
2025-08-02 16:00:01,21.0,56.900001525878906,0,3.390000104904175,3.7699999809265137,3.559999942779541,41,49.67
2025-08-02 16:10:01,21.0,56.79999923706055,0,3.450000047683716,3.759999990463257,3.5899999141693115,41,69.275
2025-08-02 16:20:00,21.0,56.79999923706055,0,3.4100000858306885,3.7899999618530273,3.740000009536743,41,411.887
2025-08-02 16:30:01,21.0,56.599998474121094,0,3.430000066757202,3.799999952316284,3.559999942779541,41,134.438
2025-08-02 16:40:01,21.0,56.599998474121094,0,3.4100000858306885,3.8299999237060547,3.630000114440918,41,142.072
2025-08-02 16:50:00,21.0,56.599998474121094,0,3.369999885559082,3.819999933242798,3.6500000953674316,41,742.873
2025-08-02 17:00:01,21.100000381469727,56.400001525878906,0,3.5299999713897705,3.819999933242798,3.75,41,186.585
2025-08-02 17:10:00,21.0,56.400001525878906,0,3.4800000190734863,3.8299999237060547,3.740000009536743,41,446.68600000000004
2025-08-02 17:20:01,21.0,56.5,0,3.450000047683716,3.869999885559082,3.6700000762939453,41,345.72999999999996
2025-08-02 17:30:01,21.0,56.5,0,3.4100000858306885,3.8399999141693115,3.680000066757202,41,131.721
2025-08-02 17:40:00,21.0,56.400001525878906,0,3.130000114440918,3.619999885559082,3.359999895095825,41,62.66199999999999
2025-08-02 17:50:02,21.0,56.5,0,3.440000057220459,3.809999942779541,3.8299999237060547,40,216.564
2025-08-02 18:00:01,21.0,56.400001525878906,0,3.440000057220459,3.9100000858306885,3.7699999809265137,41,-138.002
2025-08-02 18:10:00,21.0,56.400001525878906,0,3.4100000858306885,3.8399999141693115,3.630000114440918,41,-115.815
2025-08-02 18:20:01,21.0,56.29999923706055,0,3.4700000286102295,3.8299999237060547,3.6500000953674316,41,205.005
2025-08-02 18:30:01,21.0,56.29999923706055,0,3.430000066757202,3.809999942779541,3.6600000858306885,41,-38.676
2025-08-02 18:40:01,21.0,56.20000076293945,0,3.4200000762939453,3.880000114440918,3.5999999046325684,40,119.943
2025-08-02 18:50:01,21.0,56.20000076293945,0,3.4200000762939453,3.7899999618530273,3.6600000858306885,41,25.194000000000003
2025-08-02 19:00:01,21.0,56.20000076293945,0,3.4800000190734863,3.7799999713897705,3.700000047683716,41,16.976000000000003
2025-08-02 19:10:00,21.0,56.20000076293945,0,3.509999990463257,3.9000000953674316,3.700000047683716,41,65.881
2025-08-02 19:20:02,21.0,56.20000076293945,0,3.430000066757202,3.9000000953674316,3.680000066757202,40,171.22
2025-08-02 19:30:01,21.0,56.20000076293945,0,3.450000047683716,3.819999933242798,3.700000047683716,41,97.295
2025-08-02 19:40:01,21.0,56.20000076293945,0,3.450000047683716,3.8299999237060547,3.680000066757202,41,54.114000000000004
2025-08-02 19:50:02,21.0,56.29999923706055,0,3.1600000858306885,3.549999952316284,3.3399999141693115,40,64.852
2025-08-02 20:00:01,21.0,56.29999923706055,0,3.509999990463257,3.8299999237060547,3.630000114440918,40,107.67
2025-08-02 20:10:01,21.0,56.400001525878906,0,3.4700000286102295,3.8399999141693115,3.690000057220459,41,467.298
2025-08-02 20:20:01,21.0,56.5,0,3.430000066757202,3.7799999713897705,3.819999933242798,40,759.9820000000001
2025-08-02 20:30:00,21.0,56.599998474121094,0,3.440000057220459,3.859999895095825,3.630000114440918,41,150.457
2025-08-02 20:40:01,21.0,56.70000076293945,0,3.4100000858306885,3.809999942779541,3.5899999141693115,40,354.774
2025-08-02 20:50:01,21.0,56.79999923706055,0,3.4200000762939453,3.8299999237060547,3.680000066757202,41,710.3159999999999
2025-08-02 21:00:01,21.0,56.900001525878906,0,3.4600000381469727,3.8299999237060547,3.609999895095825,41,288.582
2025-08-02 21:10:02,21.0,56.900001525878906,0,3.4600000381469727,3.8299999237060547,3.4800000190734863,40,103.585
2025-08-02 21:20:01,21.0,57.099998474121094,0,3.4600000381469727,3.9000000953674316,3.700000047683716,41,283.10699999999997
2025-08-02 21:30:00,21.0,57.0,0,3.440000057220459,3.819999933242798,3.5899999141693115,41,420.13
2025-08-02 21:40:01,21.0,57.099998474121094,0,3.440000057220459,3.7899999618530273,3.7100000381469727,41,5.032
2025-08-02 21:50:01,21.0,57.099998474121094,0,3.369999885559082,3.799999952316284,3.559999942779541,41,8.583
2025-08-02 22:00:01,21.0,57.20000076293945,0,3.1500000953674316,3.509999990463257,3.380000114440918,40,786.745
2025-08-02 22:10:01,21.0,57.20000076293945,0,3.4100000858306885,3.880000114440918,3.5799999237060547,41,6.276999999999999
2025-08-02 22:20:01,21.0,57.20000076293945,0,3.440000057220459,3.819999933242798,3.7100000381469727,40,-4.361000000000001
2025-08-02 22:30:01,21.0,57.400001525878906,0,3.390000104904175,3.8299999237060547,3.5799999237060547,41,0.39399999999999996
2025-08-02 22:40:01,21.0,57.29999923706055,0,3.390000104904175,3.8299999237060547,3.630000114440918,41,304.18899999999996
2025-08-02 22:50:02,21.0,57.29999923706055,0,3.5399999618530273,3.8299999237060547,3.609999895095825,40,3.254
2025-08-02 23:00:01,21.0,57.29999923706055,0,3.440000057220459,3.8299999237060547,3.630000114440918,41,7.647
2025-08-02 23:10:01,21.0,57.400001525878906,0,3.4600000381469727,3.859999895095825,3.6600000858306885,41,3.634
2025-08-02 23:20:01,21.0,57.400001525878906,0,3.4600000381469727,3.809999942779541,3.5799999237060547,41,267.747
2025-08-02 23:30:01,21.0,57.400001525878906,0,3.1600000858306885,3.5299999713897705,3.2899999618530273,40,580.757
2025-08-02 23:40:00,21.0,57.5,0,3.390000104904175,3.819999933242798,3.640000104904175,41,700.3589999999999
2025-08-02 23:50:01,20.899999618530273,57.5,0,3.4700000286102295,3.759999990463257,3.7200000286102295,41,337.719
2025-08-03 00:00:01,21.0,57.599998474121094,0,3.390000104904175,3.8299999237060547,3.5899999141693115,41,17.44
2025-08-03 00:10:01,20.899999618530273,57.599998474121094,0,3.0899999141693115,3.5799999237060547,3.309999942779541,41,276.358
2025-08-03 00:20:02,20.899999618530273,57.70000076293945,0,3.4100000858306885,3.8299999237060547,3.690000057220459,40,-14.619
2025-08-03 00:30:01,20.899999618530273,57.70000076293945,0,3.430000066757202,3.8299999237060547,3.630000114440918,41,-54.133
2025-08-03 00:40:01,21.0,57.599998474121094,0,3.549999952316284,3.8499999046325684,3.6600000858306885,41,-39.870999999999995
2025-08-03 00:50:01,20.899999618530273,57.79999923706055,0,3.4200000762939453,3.7899999618530273,3.5999999046325684,41,-34.518
2025-08-03 01:00:01,20.899999618530273,57.79999923706055,0,3.4200000762939453,3.8299999237060547,3.559999942779541,40,461.70099999999996
2025-08-03 01:10:01,20.899999618530273,57.79999923706055,0,3.390000104904175,3.809999942779541,3.630000114440918,41,-0.503
2025-08-03 01:20:01,20.899999618530273,57.79999923706055,0,3.509999990463257,3.799999952316284,3.75,40,-27.047
2025-08-03 01:30:04,20.899999618530273,57.79999923706055,0,3.4000000953674316,3.819999933242798,3.609999895095825,40,551.141
2025-08-03 01:40:05,20.899999618530273,57.79999923706055,0,3.130000114440918,3.5,3.4200000762939453,39,62.656000000000006
2025-08-03 01:50:01,20.899999618530273,57.79999923706055,0,3.440000057220459,3.8299999237060547,3.630000114440918,41,105.5
2025-08-03 02:00:01,20.899999618530273,57.79999923706055,0,3.4200000762939453,3.8299999237060547,3.6500000953674316,41,52.179
2025-08-03 02:10:00,20.899999618530273,58.0,0,3.4600000381469727,3.8299999237060547,3.630000114440918,41,277.639
2025-08-03 02:20:01,20.899999618530273,57.900001525878906,0,3.130000114440918,3.5799999237060547,3.319999933242798,40,76.609
2025-08-03 02:30:01,20.899999618530273,58.0,0,3.490000009536743,3.8499999046325684,3.5799999237060547,41,78.452
2025-08-03 02:40:01,20.899999618530273,58.0,0,3.4200000762939453,3.799999952316284,3.5999999046325684,41,70.555
2025-08-03 02:50:00,20.899999618530273,58.0,0,3.5,3.7699999809265137,3.630000114440918,41,558.283
2025-08-03 03:00:01,20.899999618530273,58.0,0,3.4100000858306885,3.7899999618530273,3.5999999046325684,41,-28.423000000000002
2025-08-03 03:10:01,20.899999618530273,58.0,0,3.450000047683716,3.869999885559082,3.700000047683716,41,67.298
2025-08-03 03:20:01,20.899999618530273,58.0,0,3.4200000762939453,3.8299999237060547,3.6700000762939453,40,-56.751999999999995
2025-08-03 03:30:01,20.899999618530273,58.0,0,3.4100000858306885,3.819999933242798,3.619999885559082,41,313.25399999999996
2025-08-03 03:40:00,20.899999618530273,58.0,0,3.440000057220459,3.7799999713897705,3.619999885559082,41,-15.72
2025-08-03 03:50:01,20.899999618530273,58.099998474121094,0,3.2300000190734863,3.5,3.4100000858306885,40,8.97
2025-08-03 04:00:01,20.799999237060547,58.099998474121094,0,3.5,3.8299999237060547,3.619999885559082,41,-43.266
2025-08-03 04:10:01,20.799999237060547,58.099998474121094,0,3.4700000286102295,3.7899999618530273,3.700000047683716,41,-36.303000000000004
2025-08-03 04:20:01,20.899999618530273,58.099998474121094,0,3.440000057220459,3.859999895095825,3.7699999809265137,41,38.861
2025-08-03 04:30:01,20.899999618530273,58.0,0,3.1600000858306885,3.5799999237060547,3.369999885559082,40,14.111
2025-08-03 04:40:01,20.799999237060547,58.099998474121094,0,3.569999933242798,3.859999895095825,3.6600000858306885,41,-15.529
2025-08-03 04:50:01,20.899999618530273,58.0,0,3.4200000762939453,3.859999895095825,3.6500000953674316,41,104.30399999999999
2025-08-03 05:00:01,20.899999618530273,58.0,0,3.4100000858306885,3.8299999237060547,3.5799999237060547,40,30.161
2025-08-03 05:10:01,20.899999618530273,58.0,0,3.4100000858306885,3.819999933242798,3.6500000953674316,41,97.21000000000001
2025-08-03 05:20:02,20.799999237060547,57.900001525878906,0,3.440000057220459,3.819999933242798,3.690000057220459,41,51.738
2025-08-03 05:30:02,20.799999237060547,58.0,0,3.440000057220459,3.8299999237060547,3.630000114440918,41,70.093
2025-08-03 05:40:00,20.799999237060547,57.900001525878906,0,3.4800000190734863,3.8399999141693115,3.559999942779541,41,73.669
2025-08-03 05:50:01,20.799999237060547,58.0,0,3.4800000190734863,3.799999952316284,3.619999885559082,40,39.895
2025-08-03 06:00:02,20.799999237060547,57.79999923706055,0,3.490000009536743,3.940000057220459,3.690000057220459,41,27.325
2025-08-03 06:10:02,20.799999237060547,57.79999923706055,0,3.430000066757202,3.809999942779541,3.509999990463257,41,-13.969000000000001
2025-08-03 06:20:01,20.799999237060547,57.79999923706055,0,3.450000047683716,3.8299999237060547,3.5799999237060547,41,5.164000000000001
2025-08-03 06:30:00,20.799999237060547,57.79999923706055,0,3.430000066757202,3.7799999713897705,3.6600000858306885,41,699.209
2025-08-03 06:40:01,20.799999237060547,57.79999923706055,0,3.130000114440918,3.559999942779541,3.319999933242798,41,-8.631
2025-08-03 06:50:01,20.799999237060547,57.79999923706055,0,3.4600000381469727,3.9700000286102295,3.690000057220459,40,492.26300000000003
2025-08-03 07:00:01,20.799999237060547,57.79999923706055,0,3.549999952316284,3.8299999237060547,3.5999999046325684,41,-55.095
2025-08-03 07:10:01,20.799999237060547,57.79999923706055,0,3.430000066757202,3.8399999141693115,3.630000114440918,40,-33.192
2025-08-03 07:20:01,20.799999237060547,57.79999923706055,0,3.4600000381469727,3.9100000858306885,3.690000057220459,40,-85.294
2025-08-03 07:30:01,20.799999237060547,57.79999923706055,0,3.490000009536743,3.880000114440918,3.680000066757202,41,230.298
2025-08-03 07:40:01,20.799999237060547,57.70000076293945,0,3.430000066757202,3.799999952316284,3.559999942779541,41,234.873
2025-08-03 07:50:01,20.799999237060547,57.70000076293945,0,3.4700000286102295,3.8399999141693115,3.5299999713897705,41,372.798
2025-08-03 08:00:01,20.799999237060547,57.70000076293945,0,3.4100000858306885,3.859999895095825,3.630000114440918,40,-30.964
2025-08-03 08:10:01,20.799999237060547,57.599998474121094,0,3.430000066757202,3.869999885559082,3.740000009536743,41,-47.006
2025-08-03 08:20:01,20.799999237060547,57.5,0,3.5,4.0,3.630000114440918,41,76.84299999999999
2025-08-03 08:30:01,20.799999237060547,57.599998474121094,0,3.4600000381469727,3.819999933242798,3.5999999046325684,41,116.95
2025-08-03 08:40:01,20.899999618530273,57.5,0,3.509999990463257,3.799999952316284,3.549999952316284,40,706.864
2025-08-03 08:50:01,20.899999618530273,57.599998474121094,0,3.299999952316284,3.5399999618530273,3.2899999618530273,41,79.83999999999999
2025-08-03 09:00:01,20.799999237060547,57.599998474121094,0,3.509999990463257,3.8299999237060547,3.740000009536743,40,402.404
2025-08-03 09:10:01,20.799999237060547,57.5,0,3.509999990463257,3.930000066757202,3.630000114440918,41,71.54
2025-08-03 09:20:01,20.799999237060547,57.5,0,3.4800000190734863,3.8399999141693115,3.680000066757202,41,61.222
2025-08-03 09:30:02,20.799999237060547,57.5,0,3.4100000858306885,3.7899999618530273,3.569999933242798,40,53.419000000000004
2025-08-03 09:40:01,20.799999237060547,57.400001525878906,0,3.4600000381469727,3.880000114440918,3.6700000762939453,40,435.42199999999997
2025-08-03 09:50:01,20.799999237060547,57.5,0,3.5399999618530273,3.8499999046325684,3.619999885559082,41,42.3
2025-08-03 10:00:01,20.899999618530273,57.29999923706055,0,3.450000047683716,3.9000000953674316,3.700000047683716,40,221.067
2025-08-03 10:10:01,20.799999237060547,57.20000076293945,0,3.490000009536743,3.8499999046325684,3.619999885559082,41,5.0
2025-08-03 10:20:01,20.799999237060547,57.20000076293945,0,3.25,3.549999952316284,3.4100000858306885,41,-22.093999999999998
2025-08-03 10:30:01,20.899999618530273,57.0,0,3.4600000381469727,3.8299999237060547,3.549999952316284,40,76.504
2025-08-03 10:40:01,20.899999618530273,57.099998474121094,0,3.5999999046325684,3.8399999141693115,3.690000057220459,41,-6.9639999999999995
2025-08-03 10:50:01,20.899999618530273,56.900001525878906,0,3.390000104904175,3.8399999141693115,3.630000114440918,41,275.16200000000003
2025-08-03 11:00:02,20.899999618530273,56.79999923706055,0,3.2200000286102295,3.6500000953674316,3.4000000953674316,40,6.405
2025-08-03 11:10:01,20.899999618530273,56.599998474121094,0,3.5399999618530273,3.8399999141693115,3.640000104904175,40,9.398
2025-08-03 11:20:01,20.899999618530273,56.599998474121094,0,3.549999952316284,3.869999885559082,3.5999999046325684,41,51.408
2025-08-03 11:30:01,20.899999618530273,56.599998474121094,6,3.490000009536743,3.8299999237060547,3.630000114440918,43,80.03200000000001
2025-08-03 11:40:01,20.899999618530273,56.400001525878906,26,3.4600000381469727,3.7899999618530273,3.7100000381469727,43,35.129
2025-08-03 11:50:02,21.0,56.20000076293945,151,3.5,3.9000000953674316,3.690000057220459,43,39.193
2025-08-03 12:00:01,21.0,56.0,174,3.509999990463257,3.890000104904175,3.700000047683716,44,-2.12
2025-08-03 12:10:01,21.0,55.900001525878906,0,3.4800000190734863,3.859999895095825,3.5899999141693115,41,75.976
2025-08-03 12:20:01,21.0,55.79999923706055,0,3.4600000381469727,3.819999933242798,3.609999895095825,41,-27.584999999999997
2025-08-03 12:30:01,21.0,55.70000076293945,0,3.4800000190734863,3.9100000858306885,3.690000057220459,40,54.445
2025-08-03 12:40:01,21.0,55.5,0,3.5399999618530273,3.859999895095825,3.5999999046325684,41,267.815
2025-08-03 12:50:01,21.0,55.400001525878906,0,3.4700000286102295,3.869999885559082,3.6500000953674316,41,269.519
2025-08-03 13:00:01,21.0,55.20000076293945,0,3.509999990463257,3.7699999809265137,3.619999885559082,41,26.648999999999997
2025-08-03 13:10:01,21.0,55.29999923706055,0,3.1600000858306885,3.549999952316284,3.3299999237060547,41,18.526999999999997
2025-08-03 13:20:01,21.0,55.099998474121094,0,3.450000047683716,3.8299999237060547,3.700000047683716,41,26.359
2025-08-03 13:30:01,21.0,55.0,0,3.440000057220459,3.8299999237060547,3.549999952316284,40,94.952
2025-08-03 13:40:01,21.100000381469727,54.70000076293945,0,3.440000057220459,3.869999885559082,3.630000114440918,41,405.824
2025-08-03 13:50:01,21.0,54.70000076293945,0,3.5799999237060547,3.8499999046325684,3.680000066757202,41,30.766000000000002
2025-08-03 14:00:01,21.0,54.599998474121094,0,3.5,3.950000047683716,3.5999999046325684,40,84.104
2025-08-03 14:10:01,21.0,54.599998474121094,0,3.4200000762939453,3.7899999618530273,3.549999952316284,41,107.63300000000001
2025-08-03 14:20:01,21.0,54.400001525878906,0,3.4800000190734863,3.9700000286102295,3.690000057220459,41,94.491
2025-08-03 14:30:01,21.0,54.29999923706055,0,3.5,3.869999885559082,3.690000057220459,41,113.283
2025-08-03 14:40:01,21.0,54.29999923706055,0,3.450000047683716,3.890000104904175,3.5799999237060547,40,104.712
2025-08-03 14:50:01,21.100000381469727,54.099998474121094,0,3.5399999618530273,3.8299999237060547,3.569999933242798,41,68.585
2025-08-03 15:00:02,21.100000381469727,54.099998474121094,0,3.5199999809265137,3.8499999046325684,3.559999942779541,41,76.95100000000001
2025-08-03 15:10:01,21.100000381469727,54.099998474121094,0,3.549999952316284,3.8499999046325684,3.5399999618530273,41,83.39399999999999
2025-08-03 15:20:02,21.100000381469727,53.900001525878906,0,3.140000104904175,3.5299999713897705,3.319999933242798,40,47.898999999999994
2025-08-03 15:30:01,21.100000381469727,53.900001525878906,0,3.430000066757202,3.8299999237060547,3.609999895095825,41,56.95
2025-08-03 15:40:01,21.100000381469727,53.70000076293945,0,3.4200000762939453,3.9600000381469727,3.690000057220459,41,7.243
2025-08-03 15:50:01,21.100000381469727,53.599998474121094,0,3.4200000762939453,3.819999933242798,3.640000104904175,41,-2.161
2025-08-03 16:00:02,21.100000381469727,53.5,0,3.5,3.8299999237060547,3.7200000286102295,40,33.116
2025-08-03 16:10:01,21.100000381469727,53.400001525878906,0,3.490000009536743,3.8299999237060547,3.630000114440918,41,-0.378
2025-08-03 16:20:01,21.100000381469727,53.29999923706055,0,3.5399999618530273,3.809999942779541,3.5899999141693115,41,346.557
2025-08-03 16:30:02,21.100000381469727,53.20000076293945,0,3.5,3.940000057220459,3.7200000286102295,40,300.353
2025-08-03 16:40:01,21.100000381469727,53.29999923706055,0,3.5299999713897705,3.880000114440918,3.7699999809265137,41,3.115
2025-08-03 16:50:01,21.100000381469727,53.099998474121094,0,3.509999990463257,3.9000000953674316,3.75,41,1.116
2025-08-03 17:00:02,21.100000381469727,52.900001525878906,0,3.5299999713897705,3.8299999237060547,3.680000066757202,40,-0.716
2025-08-03 17:10:02,21.100000381469727,52.900001525878906,0,3.4800000190734863,3.819999933242798,3.700000047683716,41,-3.985
2025-08-03 17:20:01,21.100000381469727,52.900001525878906,0,3.4800000190734863,3.809999942779541,3.640000104904175,41,-5.754
2025-08-03 17:30:01,21.100000381469727,52.900001525878906,0,3.1600000858306885,3.4200000762939453,3.2899999618530273,41,1.542
2025-08-03 17:40:01,21.100000381469727,52.79999923706055,0,3.5,3.9200000762939453,3.690000057220459,41,11.673
2025-08-03 17:50:01,21.100000381469727,52.70000076293945,0,3.430000066757202,3.819999933242798,3.7300000190734863,40,32.877
2025-08-03 18:00:03,21.100000381469727,52.70000076293945,0,3.430000066757202,3.890000104904175,3.6500000953674316,41,15.387
2025-08-03 18:10:01,21.100000381469727,52.70000076293945,0,3.440000057220459,3.9000000953674316,3.6700000762939453,41,348.676
2025-08-03 18:20:02,21.100000381469727,52.70000076293945,0,3.440000057220459,3.8399999141693115,3.630000114440918,40,15.76
2025-08-03 18:30:02,21.100000381469727,52.599998474121094,0,3.490000009536743,3.859999895095825,3.6600000858306885,41,16.894
2025-08-03 18:40:01,21.100000381469727,52.599998474121094,0,3.5399999618530273,3.8499999046325684,3.6500000953674316,41,21.416999999999998
2025-08-03 18:50:01,21.100000381469727,52.5,0,3.5199999809265137,3.9000000953674316,3.6500000953674316,41,323.324
2025-08-03 19:00:02,21.100000381469727,52.5,0,3.549999952316284,3.8299999237060547,3.740000009536743,41,27.846
2025-08-03 19:10:01,21.100000381469727,52.5,0,3.509999990463257,3.9000000953674316,3.609999895095825,41,53.169000000000004
2025-08-03 19:20:01,21.100000381469727,52.5,0,3.549999952316284,3.8399999141693115,3.609999895095825,41,45.555
2025-08-03 19:30:00,21.100000381469727,52.5,0,3.4800000190734863,3.8299999237060547,3.6600000858306885,41,123.686
2025-08-03 19:40:01,21.100000381469727,52.400001525878906,0,3.509999990463257,3.8299999237060547,3.630000114440918,41,125.98200000000001
2025-08-03 19:50:01,21.100000381469727,52.400001525878906,0,3.5199999809265137,3.9000000953674316,3.549999952316284,41,36.05
2025-08-03 20:00:01,21.100000381469727,52.29999923706055,0,3.4600000381469727,3.9100000858306885,3.569999933242798,41,48.684
2025-08-03 20:10:01,21.100000381469727,52.29999923706055,0,3.5299999713897705,3.859999895095825,3.640000104904175,40,583.9870000000001
2025-08-03 20:20:03,21.100000381469727,52.29999923706055,0,3.490000009536743,3.8299999237060547,3.630000114440918,41,53.462
2025-08-03 20:30:02,21.100000381469727,52.29999923706055,0,3.4600000381469727,3.9000000953674316,3.630000114440918,40,46.049
2025-08-03 20:40:02,21.100000381469727,52.29999923706055,0,3.5,3.9000000953674316,3.609999895095825,40,142.93800000000002
2025-08-03 20:50:01,21.100000381469727,52.29999923706055,0,3.5,3.8399999141693115,3.509999990463257,41,167.943
2025-08-03 21:00:01,21.100000381469727,52.099998474121094,0,3.450000047683716,3.9000000953674316,3.6500000953674316,41,402.866
2025-08-03 21:10:02,21.100000381469727,52.20000076293945,0,3.5899999141693115,3.9700000286102295,3.640000104904175,41,23.657999999999998
2025-08-03 21:20:01,21.100000381469727,52.20000076293945,0,3.549999952316284,3.880000114440918,3.700000047683716,41,316.101
2025-08-03 21:30:01,21.100000381469727,52.099998474121094,0,3.4200000762939453,3.869999885559082,3.6500000953674316,40,652.339
2025-08-03 21:40:01,21.100000381469727,51.79999923706055,0,3.490000009536743,4.03000020980835,3.569999933242798,40,65.095
2025-08-03 21:50:02,21.100000381469727,51.70000076293945,0,3.509999990463257,3.8299999237060547,3.559999942779541,41,-21.253
2025-08-03 22:00:01,21.100000381469727,51.70000076293945,0,3.490000009536743,3.799999952316284,3.700000047683716,41,-35.462
2025-08-03 22:10:01,21.100000381469727,51.70000076293945,0,3.509999990463257,3.7699999809265137,3.690000057220459,41,-51.556
2025-08-03 22:20:01,21.100000381469727,51.70000076293945,0,3.5399999618530273,3.8299999237060547,3.6600000858306885,41,237.875
2025-08-03 22:30:01,21.100000381469727,51.70000076293945,0,3.440000057220459,3.8399999141693115,3.6500000953674316,41,504.33799999999997
2025-08-03 22:40:02,21.100000381469727,51.70000076293945,0,3.5299999713897705,3.7899999618530273,3.559999942779541,41,-39.228
2025-08-03 22:50:01,21.100000381469727,51.900001525878906,0,3.549999952316284,3.9100000858306885,3.6700000762939453,41,273.385
2025-08-03 23:00:02,21.100000381469727,51.79999923706055,0,3.549999952316284,3.9000000953674316,3.6700000762939453,40,-13.858
2025-08-03 23:10:01,21.100000381469727,51.900001525878906,0,3.4700000286102295,3.869999885559082,3.609999895095825,40,-11.284
2025-08-03 23:20:02,21.100000381469727,52.0,0,3.200000047683716,3.549999952316284,3.299999952316284,41,3.363
2025-08-03 23:30:01,21.100000381469727,52.0,0,3.509999990463257,3.819999933242798,3.4200000762939453,41,38.356
2025-08-03 23:40:01,21.100000381469727,52.0,0,3.569999933242798,4.0,3.700000047683716,41,35.428000000000004
2025-08-03 23:50:02,21.0,52.20000076293945,0,3.549999952316284,3.9700000286102295,3.7100000381469727,40,79.869
2025-08-04 00:00:01,21.0,52.20000076293945,0,3.569999933242798,3.809999942779541,3.6600000858306885,41,556.13
2025-08-04 00:10:02,21.0,52.29999923706055,0,3.4600000381469727,3.8499999046325684,3.619999885559082,40,108.609
2025-08-04 00:20:02,21.100000381469727,52.29999923706055,0,3.509999990463257,3.940000057220459,3.5799999237060547,40,125.31600000000002
2025-08-04 00:30:01,21.0,52.400001525878906,0,3.5,3.8399999141693115,3.740000009536743,41,140.129
2025-08-04 00:40:01,21.0,52.5,0,3.5299999713897705,3.9000000953674316,3.549999952316284,41,150.157
2025-08-04 00:50:01,21.0,52.599998474121094,0,3.509999990463257,3.869999885559082,3.619999885559082,41,149.85999999999999
2025-08-04 01:00:02,21.0,52.599998474121094,0,3.549999952316284,3.8399999141693115,3.700000047683716,40,118.59899999999999
2025-08-04 01:10:01,21.100000381469727,52.70000076293945,0,3.549999952316284,3.9200000762939453,3.6700000762939453,40,683.061
2025-08-04 01:20:02,21.0,52.79999923706055,0,3.5,3.9000000953674316,3.569999933242798,40,57.602000000000004
2025-08-04 01:30:01,21.0,52.900001525878906,0,3.259999990463257,3.609999895095825,3.430000066757202,41,-55.029
2025-08-04 01:40:01,21.0,53.099998474121094,0,3.490000009536743,3.8299999237060547,3.740000009536743,41,-67.57199999999999
2025-08-04 01:50:01,21.0,53.0,0,3.5299999713897705,3.869999885559082,3.7200000286102295,41,111.539
2025-08-04 02:00:02,21.0,53.20000076293945,0,3.5399999618530273,3.859999895095825,3.569999933242798,40,6.445
2025-08-04 02:10:01,21.0,53.29999923706055,0,3.549999952316284,3.8399999141693115,3.7699999809265137,41,32.509
2025-08-04 02:20:01,21.0,53.29999923706055,0,3.5199999809265137,3.8299999237060547,3.609999895095825,41,43.033
2025-08-04 02:30:01,21.0,53.5,0,3.609999895095825,3.950000047683716,3.690000057220459,41,327.463
2025-08-04 02:40:01,21.0,53.5,0,3.609999895095825,3.930000066757202,3.7300000190734863,41,107.956
2025-08-04 02:50:01,21.0,53.70000076293945,0,3.4700000286102295,3.9100000858306885,3.7100000381469727,41,16.471
2025-08-04 03:00:01,21.0,53.70000076293945,0,3.5199999809265137,3.890000104904175,3.690000057220459,41,19.339
2025-08-04 03:10:02,21.0,53.79999923706055,0,3.4700000286102295,3.890000104904175,3.5799999237060547,40,41.59
2025-08-04 03:20:01,21.0,53.900001525878906,0,3.4800000190734863,3.9200000762939453,3.6700000762939453,41,104.31
2025-08-04 03:30:01,21.0,53.900001525878906,0,3.549999952316284,3.9000000953674316,3.630000114440918,41,480.443
2025-08-04 03:40:02,21.0,54.0,0,3.2699999809265137,3.6500000953674316,3.390000104904175,40,34.295
2025-08-04 03:50:02,21.0,54.099998474121094,0,3.430000066757202,3.890000104904175,3.7300000190734863,41,319.944
2025-08-04 04:00:01,21.0,54.099998474121094,0,3.4200000762939453,3.859999895095825,3.6700000762939453,41,313.974
2025-08-04 04:10:01,21.0,54.20000076293945,0,3.5299999713897705,3.940000057220459,3.690000057220459,41,783.2139999999999
2025-08-04 04:20:02,21.0,54.400001525878906,0,3.4600000381469727,3.9600000381469727,3.7100000381469727,41,19.347
2025-08-04 04:30:02,21.0,54.400001525878906,0,3.5399999618530273,3.9700000286102295,3.690000057220459,41,32.775999999999996
2025-08-04 04:40:01,21.0,54.5,0,3.5,3.9000000953674316,3.7899999618530273,41,39.468999999999994
2025-08-04 04:50:01,21.0,54.599998474121094,0,3.549999952316284,3.930000066757202,3.690000057220459,40,70.11
2025-08-04 05:00:02,21.0,54.599998474121094,0,3.5399999618530273,3.9100000858306885,3.7200000286102295,41,23.941
2025-08-04 05:10:01,21.0,54.70000076293945,0,3.549999952316284,3.930000066757202,3.7699999809265137,41,346.17199999999997
2025-08-04 05:20:02,21.0,54.79999923706055,0,3.549999952316284,3.9100000858306885,3.619999885559082,40,-7.426
2025-08-04 05:30:02,21.0,54.79999923706055,0,3.619999885559082,3.950000047683716,3.700000047683716,41,-32.09
2025-08-04 05:40:01,21.0,54.900001525878906,0,3.5299999713897705,3.890000104904175,3.619999885559082,41,-38.79
2025-08-04 05:50:01,21.0,55.0,0,3.2699999809265137,3.7300000190734863,3.4100000858306885,41,-46.663999999999994
2025-08-04 06:00:02,21.0,55.099998474121094,0,3.490000009536743,3.880000114440918,3.7200000286102295,40,-54.467
2025-08-04 06:10:05,21.0,55.20000076293945,0,3.5299999713897705,3.8299999237060547,3.6500000953674316,40,449.761
2025-08-04 06:20:01,21.0,55.29999923706055,0,3.549999952316284,3.869999885559082,3.7300000190734863,41,-30.662
2025-08-04 06:30:02,21.0,55.29999923706055,0,3.5299999713897705,3.9100000858306885,3.6600000858306885,40,-44.22
2025-08-04 06:40:01,21.0,55.400001525878906,0,3.6600000858306885,3.9100000858306885,3.7200000286102295,41,65.196
2025-08-04 06:50:01,21.0,55.400001525878906,0,3.5299999713897705,3.930000066757202,3.7899999618530273,41,-35.832
2025-08-04 07:00:01,21.0,55.599998474121094,0,3.490000009536743,3.9000000953674316,3.7699999809265137,41,-26.776999999999997
2025-08-04 07:10:02,21.0,55.70000076293945,0,3.5799999237060547,3.9600000381469727,3.7200000286102295,40,-21.477
2025-08-04 07:20:02,20.899999618530273,55.70000076293945,0,3.549999952316284,3.9600000381469727,3.7899999618530273,41,-18.46
2025-08-04 07:30:02,21.0,55.70000076293945,0,3.5899999141693115,3.950000047683716,3.8299999237060547,41,-13.382
2025-08-04 07:40:01,21.0,55.79999923706055,0,3.549999952316284,3.859999895095825,3.759999990463257,41,-6.929
2025-08-04 07:50:01,21.0,55.79999923706055,0,3.549999952316284,3.859999895095825,3.5999999046325684,41,358.705
2025-08-04 08:00:01,21.0,55.900001525878906,0,3.2699999809265137,3.559999942779541,3.4100000858306885,41,3.136
2025-08-04 08:10:01,21.0,55.900001525878906,2352,3.549999952316284,3.950000047683716,3.7300000190734863,44,6.813
2025-08-04 08:20:01,21.100000381469727,55.70000076293945,2903,3.549999952316284,3.880000114440918,3.7300000190734863,44,18.575000000000003
2025-08-04 08:30:02,21.100000381469727,55.599998474121094,2659,3.490000009536743,3.8299999237060547,3.700000047683716,43,62.074
2025-08-04 08:40:01,21.200000762939453,55.5,2376,3.5,3.859999895095825,3.690000057220459,44,279.549
2025-08-04 08:50:01,21.200000762939453,55.400001525878906,2886,3.559999942779541,4.019999980926514,3.7300000190734863,44,103.24600000000001
2025-08-04 09:00:01,21.299999237060547,55.29999923706055,2373,3.5399999618530273,3.9100000858306885,3.619999885559082,44,122.82300000000001
2025-08-04 09:10:02,21.299999237060547,55.29999923706055,2269,3.5299999713897705,3.9000000953674316,3.690000057220459,43,135.034
2025-08-04 09:20:02,21.299999237060547,55.20000076293945,2490,3.5199999809265137,3.9200000762939453,3.6500000953674316,44,686.778
2025-08-04 09:30:02,21.299999237060547,55.29999923706055,2419,3.630000114440918,3.930000066757202,3.7200000286102295,43,47.965
2025-08-04 09:40:02,21.399999618530273,55.20000076293945,2320,3.509999990463257,3.890000104904175,3.759999990463257,44,-10.035
2025-08-04 09:50:01,21.399999618530273,55.099998474121094,2876,3.5899999141693115,4.0,3.740000009536743,44,-33.59
2025-08-04 10:00:01,21.399999618530273,55.20000076293945,2771,3.609999895095825,3.930000066757202,3.630000114440918,44,141.153
2025-08-04 10:10:02,21.5,55.099998474121094,2223,3.2100000381469727,3.559999942779541,3.380000114440918,43,215.625
2025-08-04 10:20:01,21.5,54.900001525878906,2230,3.630000114440918,3.9000000953674316,3.7300000190734863,44,-53.102000000000004
2025-08-04 10:30:01,21.5,54.70000076293945,2114,3.549999952316284,3.950000047683716,3.6500000953674316,44,-83.622
2025-08-04 10:40:02,21.5,54.599998474121094,2665,3.5199999809265137,3.940000057220459,3.7200000286102295,43,2.0309999999999997
2025-08-04 10:50:02,21.5,54.5,2134,3.5299999713897705,3.8399999141693115,3.809999942779541,44,51.663000000000004
2025-08-04 11:00:01,21.5,54.599998474121094,2864,3.509999990463257,3.9200000762939453,3.690000057220459,44,400.72
2025-08-04 11:10:02,21.5,54.099998474121094,2557,3.5199999809265137,4.0,3.7300000190734863,43,23.779999999999998
2025-08-04 11:20:01,21.5,53.79999923706055,2597,3.569999933242798,3.880000114440918,3.700000047683716,44,43.276
2025-08-04 11:30:01,21.5,53.5,2096,3.549999952316284,3.9000000953674316,3.740000009536743,44,43.962
2025-08-04 11:40:01,21.5,52.900001525878906,2407,3.5299999713897705,3.9800000190734863,3.680000066757202,44,337.004
2025-08-04 11:50:02,21.5,53.0,2637,3.559999942779541,3.9200000762939453,3.700000047683716,44,14.21
2025-08-04 12:00:01,21.5,52.79999923706055,327,3.549999952316284,3.9000000953674316,3.7699999809265137,44,94.148
2025-08-04 12:10:01,21.5,53.20000076293945,353,3.549999952316284,3.9200000762939453,3.7899999618530273,44,4.6690000000000005
2025-08-04 12:20:02,21.399999618530273,53.5,274,3.559999942779541,4.110000133514404,3.75,43,12.168
2025-08-04 12:30:02,21.399999618530273,53.5,419,3.549999952316284,3.9700000286102295,3.619999885559082,44,39.814
2025-08-04 12:40:01,21.299999237060547,53.79999923706055,426,3.549999952316284,3.9100000858306885,3.6700000762939453,44,343.648
2025-08-04 12:50:02,21.399999618530273,53.900001525878906,464,3.569999933242798,3.869999885559082,3.5199999809265137,43,44.146
2025-08-04 13:00:02,21.299999237060547,53.900001525878906,435,3.559999942779541,3.9000000953674316,3.700000047683716,43,15.890999999999998
2025-08-04 13:10:01,21.299999237060547,53.900001525878906,339,3.5299999713897705,3.9100000858306885,3.7300000190734863,44,2.019
2025-08-04 13:20:01,21.299999237060547,53.900001525878906,272,3.549999952316284,3.940000057220459,3.690000057220459,44,13.058
2025-08-04 13:30:01,21.299999237060547,54.0,385,3.549999952316284,3.9000000953674316,3.6500000953674316,44,325.797
2025-08-04 13:40:01,21.299999237060547,54.0,425,3.509999990463257,3.9000000953674316,3.7899999618530273,44,716.58
2025-08-04 13:50:02,21.299999237060547,54.099998474121094,279,3.619999885559082,4.0,3.7799999713897705,43,33.597
2025-08-04 14:00:01,21.299999237060547,53.900001525878906,459,3.5799999237060547,3.9000000953674316,3.619999885559082,44,328.41700000000003
2025-08-04 14:10:01,21.200000762939453,53.70000076293945,467,3.509999990463257,3.990000009536743,3.7799999713897705,44,19.102999999999998
2025-08-04 14:20:02,21.299999237060547,53.70000076293945,464,3.559999942779541,3.859999895095825,3.680000066757202,43,159.275
2025-08-04 14:30:02,21.299999237060547,53.70000076293945,453,3.690000057220459,3.930000066757202,3.799999952316284,44,292.03200000000004
2025-08-04 14:40:02,21.299999237060547,53.70000076293945,390,3.619999885559082,3.9000000953674316,3.7100000381469727,44,22.1
2025-08-04 14:50:02,21.200000762939453,53.70000076293945,399,3.630000114440918,3.950000047683716,3.759999990463257,43,22.576
2025-08-04 15:00:01,21.299999237060547,53.5,443,3.7300000190734863,3.9800000190734863,3.690000057220459,44,22.922
2025-08-04 15:10:01,21.200000762939453,53.5,301,3.5299999713897705,3.890000104904175,3.6700000762939453,44,99.518
2025-08-04 15:20:02,21.299999237060547,53.5,333,3.549999952316284,3.9600000381469727,3.7200000286102295,44,15.289
2025-08-04 15:30:02,21.200000762939453,53.5,368,3.5399999618530273,3.890000104904175,3.759999990463257,43,14.407
2025-08-04 15:40:02,21.299999237060547,53.20000076293945,304,3.5399999618530273,3.9000000953674316,3.7300000190734863,43,13.357000000000001
2025-08-04 15:50:01,21.299999237060547,53.20000076293945,299,3.4800000190734863,3.9100000858306885,3.7899999618530273,44,-14.005
2025-08-04 16:00:01,21.299999237060547,53.20000076293945,266,3.3499999046325684,3.630000114440918,3.2899999618530273,44,-37.161
2025-08-04 16:10:01,21.200000762939453,53.29999923706055,407,3.4800000190734863,3.9000000953674316,3.680000066757202,44,-32.53
2025-08-04 16:20:02,21.299999237060547,53.5,269,3.559999942779541,3.940000057220459,3.690000057220459,43,-39.989
2025-08-04 16:30:02,21.200000762939453,53.5,400,3.5399999618530273,4.03000020980835,3.7899999618530273,43,-38.424
2025-08-04 16:40:02,21.299999237060547,53.70000076293945,2799,3.569999933242798,3.8299999237060547,3.6600000858306885,44,-26.290999999999997
2025-08-04 16:50:01,21.399999618530273,53.70000076293945,2160,3.299999952316284,3.609999895095825,3.4100000858306885,44,87.752
2025-08-04 17:00:01,21.5,53.900001525878906,2097,3.569999933242798,3.9100000858306885,3.7699999809265137,44,25.055
2025-08-04 17:10:02,21.600000381469727,54.0,2169,3.5299999713897705,3.9000000953674316,3.740000009536743,43,38.322
2025-08-04 17:20:02,21.600000381469727,54.20000076293945,2859,3.5,3.930000066757202,3.700000047683716,44,81.668
2025-08-04 17:30:01,21.700000762939453,54.099998474121094,2109,3.2200000286102295,3.680000066757202,3.390000104904175,44,104.892
2025-08-04 17:40:01,21.700000762939453,54.400001525878906,2480,3.4700000286102295,3.9100000858306885,3.609999895095825,44,79.16199999999999
2025-08-04 17:50:02,21.700000762939453,54.599998474121094,2710,3.5799999237060547,3.880000114440918,3.700000047683716,43,83.606
2025-08-04 18:00:02,21.700000762939453,54.70000076293945,2086,3.559999942779541,3.930000066757202,3.759999990463257,44,202.91600000000003
2025-08-04 18:10:02,21.700000762939453,54.900001525878906,2757,3.2899999618530273,3.6500000953674316,3.440000057220459,44,77.38000000000001
2025-08-04 18:20:01,21.799999237060547,55.0,2278,3.5999999046325684,3.890000104904175,3.690000057220459,44,377.437
2025-08-04 18:30:09,21.700000762939453,55.0,2278,3.5999999046325684,3.890000104904175,3.690000057220459,44,2098.852
2025-08-04 18:30:12,21.700000762939453,55.599998474121094,2095,3.2699999809265137,3.5799999237060547,3.4600000381469727,44,4344.364
2025-08-04 18:40:01,21.600000381469727,56.099998474121094,2481,3.5399999618530273,3.930000066757202,3.5799999237060547,44,45.294000000000004
2025-08-04 18:50:02,21.600000381469727,56.5,2096,3.5299999713897705,3.9600000381469727,3.690000057220459,43,2.2169999999999996
2025-08-04 19:00:02,21.700000762939453,56.400001525878906,2306,3.630000114440918,3.869999885559082,3.7200000286102295,44,-8.892000000000001
2025-08-04 19:10:01,21.799999237060547,56.400001525878906,2263,3.559999942779541,3.9000000953674316,3.700000047683716,44,30.074
2025-08-04 19:20:01,21.700000762939453,56.79999923706055,2418,3.569999933242798,3.890000104904175,3.690000057220459,44,-16.262999999999998
2025-08-04 19:30:01,21.700000762939453,57.20000076293945,2799,3.4800000190734863,3.930000066757202,3.7300000190734863,44,-20.480999999999998
2025-08-04 19:40:02,21.700000762939453,57.5,2342,3.559999942779541,3.9800000190734863,3.9100000858306885,43,-16.393
2025-08-04 19:50:02,21.700000762939453,57.5,2485,3.5399999618530273,3.880000114440918,3.7899999618530273,44,324.556
2025-08-04 20:00:01,21.700000762939453,57.70000076293945,2397,3.5999999046325684,3.950000047683716,3.7100000381469727,44,-29.62
2025-08-04 20:10:02,21.700000762939453,57.900001525878906,2850,3.5799999237060547,3.869999885559082,3.700000047683716,43,-31.214
2025-08-04 20:20:02,21.700000762939453,57.900001525878906,2841,3.5299999713897705,3.9800000190734863,3.7200000286102295,44,-21.511
2025-08-04 20:30:01,21.700000762939453,58.0,2245,3.2699999809265137,3.690000057220459,3.4700000286102295,44,283.273
2025-08-04 20:40:02,21.700000762939453,58.099998474121094,2674,3.5399999618530273,3.9100000858306885,3.700000047683716,43,-14.536
2025-08-04 20:50:02,21.700000762939453,58.099998474121094,2231,3.5299999713897705,3.9100000858306885,3.740000009536743,44,-15.692000000000002
2025-08-04 21:00:02,21.700000762939453,58.400001525878906,2842,3.569999933242798,3.9100000858306885,3.700000047683716,44,-21.811
2025-08-04 21:10:01,21.700000762939453,58.20000076293945,2559,3.549999952316284,3.880000114440918,3.700000047683716,44,-20.346
2025-08-04 21:20:01,21.700000762939453,58.400001525878906,2311,3.2699999809265137,3.5899999141693115,3.369999885559082,44,57.285999999999994
2025-08-04 21:30:02,21.700000762939453,58.5,2320,3.5399999618530273,3.9700000286102295,3.759999990463257,43,-20.728
